INSERT INTO products(UPC_code, product_name, packaging, size)
VALUES ('11000', 'Gorilla', 'B', '1'),
       ('11001', 'Coca-Cola 1L', 'C', '1'),
       ('11002', 'Coca-Cola 2L', 'C', '2'),
       ('11003', 'Pepsi 1L', 'C', '1'),
       ('11004', 'Pepsi 2L', 'C', '2'),
       ('11005', 'Coca-Cola Zero', 'C', '1'),
       ('11006', 'Fanta 2L', 'C', '2'),
       ('12000', 'Gracio', 'A', '1'),
       ('12001', 'Maxi', 'C', '1'),
       ('12002', 'Fuse-tea', 'C', '1'),
       ('12003', 'DaDa', 'A', '2'),
       ('12004', 'Rich', 'A', '1'),
       ('13000', 'Potato', 'A', '3'),
       ('13001', 'Onion', 'A', '3'),
       ('13002', 'Banana', 'A', '3'),
       ('13003', 'Carrot', 'A', '3'),
       ('13004', 'Tomatoes', 'A', '3'),
       ('13005', 'Mandarin', 'A', '3'),
       ('13006', 'Apple', 'A', '3'),
       ('14000', 'Bread', 'A', '2'),
       ('14001', 'Borodino Bread', 'A', '2'),
       ('14002', 'Borodino Bread 2', 'A', '2'),
       ('15000', 'Vici', 'B', '1'),
       ('15001', 'Columbus', 'B', '1'),
       ('15002', 'Fishdream', 'B', '2'),
       ('15003', 'Atlantida', 'B', '2'),
       ('15004', 'EliteFish', 'B', '1'),
       ('16000', 'LAYS', 'A', '2'),
       ('16001', 'The Genie', 'A', '1'),
       ('16002', 'Lays potato', 'A', '2'),
       ('16003', 'Big Bob', 'A', '1'),
       ('16004', 'Хрусteam XXL', 'A', '1'),
       ('16005', 'Doshirak', 'A', '1'),
       ('16006', 'Mcc Trade', 'A', '2'),
       ('16007', 'Doritos', 'A', '2'),
       ('16008', 'Flint Wow', 'A', '1'),
       ('16009', 'Bio Elite', 'A', '1'),
       ('17000', 'QARQUS', 'A', '3'),
       ('17001', 'Foodmaster Lactel', 'B', '2'),
       ('17002', 'Adal', 'B', '2'),
       ('17003', 'Foodmaster', 'B', '2'),
       ('17004', 'President', 'B', '2'),
       ('17005', 'Hochland', 'B', '1'),
       ('17006', 'Amiran', 'B', '1'),
       ('17007', 'Galbani Mozzarella', 'A', '1');


INSERT INTO price(UPC_code, price)
VALUES ('11000', '250'),
       ('11001', '250'),
       ('11002', '400'),
       ('11003', '200'),
       ('11004', '410'),
       ('11005', '300'),
       ('11006', '300'),
       ('12000', '350'),
       ('12001', '250'),
       ('12002', '200'),
       ('12003', '500'),
       ('12004', '550'),
       ('13000', '100'),
       ('13001', '80'),
       ('13002', '600'),
       ('13003', '100'),
       ('13004', '580'),
       ('13005', '750'),
       ('13006', '500'),
       ('14000', '130'),
       ('14001', '150'),
       ('14002', '180'),
       ('15000', '380'),
       ('15001', '360'),
       ('15002', '2000'),
       ('15003', '300'),
       ('15004', '1800'),
       ('16000', '320'),
       ('16001', '330'),
       ('16002', '420'),
       ('16003', '130'),
       ('16004', '120'),
       ('16005', '220'),
       ('16006', '320'),
       ('16007', '450'),
       ('16008', '300'),
       ('16009', '100'),
       ('17000', '1200'),
       ('17001', '350'),
       ('17002', '320'),
       ('17003', '430'),
       ('17004', '700'),
       ('17005', '720'),
       ('17006', '400'),
       ('17007', '680');

INSERT INTO types(type_name)
VALUES ('Sodas'),
       ('Drinks'),
       ('VEGETABLES, FRUITS, BERRIES, MUSHROOMS'),
       ('BREAD PRODUCTS'),
       ('FISH, SEAFOOD'),
       ('CHIPS, NUTS, SNACKS'),
       ('DAIRY PRODUCTS, EGGS');


INSERT INTO product_types(UPC_code, type_name)
VALUES ('11000', 'Sodas'),
       ('11001', 'Sodas'),
       ('11002', 'Sodas'),
       ('11003', 'Sodas'),
       ('11004', 'Sodas'),
       ('11005', 'Sodas'),
       ('11006', 'Sodas'),
       ('12000', 'Drinks'),
       ('12001', 'Drinks'),
       ('12002', 'Drinks'),
       ('12003', 'Drinks'),
       ('12004', 'Drinks'),
       ('13000', 'VEGETABLES, FRUITS, BERRIES, MUSHROOMS'),
       ('13001', 'VEGETABLES, FRUITS, BERRIES, MUSHROOMS'),
       ('13002', 'VEGETABLES, FRUITS, BERRIES, MUSHROOMS'),
       ('13003', 'VEGETABLES, FRUITS, BERRIES, MUSHROOMS'),
       ('13004', 'VEGETABLES, FRUITS, BERRIES, MUSHROOMS'),
       ('13005', 'VEGETABLES, FRUITS, BERRIES, MUSHROOMS'),
       ('13006', 'VEGETABLES, FRUITS, BERRIES, MUSHROOMS'),
       ('14000', 'BREAD PRODUCTS'),
       ('14001', 'BREAD PRODUCTS'),
       ('14002', 'BREAD PRODUCTS'),
       ('15000', 'FISH, SEAFOOD'),
       ('15001', 'FISH, SEAFOOD'),
       ('15002', 'FISH, SEAFOOD'),
       ('15003', 'FISH, SEAFOOD'),
       ('15004', 'FISH, SEAFOOD'),
       ('16000', 'CHIPS, NUTS, SNACKS'),
       ('16001', 'CHIPS, NUTS, SNACKS'),
       ('16002', 'CHIPS, NUTS, SNACKS'),
       ('16003', 'CHIPS, NUTS, SNACKS'),
       ('16004', 'CHIPS, NUTS, SNACKS'),
       ('16005', 'CHIPS, NUTS, SNACKS'),
       ('16006', 'CHIPS, NUTS, SNACKS'),
       ('16007', 'CHIPS, NUTS, SNACKS'),
       ('16008', 'CHIPS, NUTS, SNACKS'),
       ('16009', 'CHIPS, NUTS, SNACKS'),
       ('17000', 'DAIRY PRODUCTS, EGGS'),
       ('17001', 'DAIRY PRODUCTS, EGGS'),
       ('17002', 'DAIRY PRODUCTS, EGGS'),
       ('17003', 'DAIRY PRODUCTS, EGGS'),
       ('17004', 'DAIRY PRODUCTS, EGGS'),
       ('17005', 'DAIRY PRODUCTS, EGGS'),
       ('17006', 'DAIRY PRODUCTS, EGGS'),
       ('17007', 'DAIRY PRODUCTS, EGGS');

INSERT INTO brands(brand_id, brand_name)
VALUES ('100', 'Coca-Cola'),
       ('300', 'RG BRANDS'),
       ('400', 'PEPSICO'),
       ('500', 'KAZAKHSTAN'),
       ('600', 'Viciunaj Group'),
       ('700', 'Сolumbus'),
       ('800', 'Doritos'),
       ('900', 'SMART');


INSERT INTO brand_product(brand_id, UPC_code )
VALUES ('900', '11000'),
       ('100', '11001'),
       ('100', '11002'),
       ('400', '11003'),
       ('400', '11004'),
       ('100', '11005'),
       ('100', '11006'),
       ('300', '12000'),
       ('500', '12001'),
       ('500', '12002'),
       ('300', '12003'),
       ('100', '12004'),
       ('500', '13000'),
       ('500', '13001'),
       ('500', '13002'),
       ('500', '13003'),
       ('500', '13004'),
       ('500', '13005'),
       ('500', '13006'),
       ('500', '14000'),
       ('500', '14001'),
       ('500', '14002'),
       ('600', '15000'),
       ('700', '15001'),
       ('600', '15002'),
       ('700', '15003'),
       ('600', '15004'),
       ('400', '16000'),
       ('900', '16001'),
       ('400', '16002'),
       ('900', '16003'),
       ('900', '16004'),
       ('800', '16005'),
       ('900', '16006'),
       ('800', '16007'),
       ('900', '16008'),
       ('800', '16009'),
       ('500', '17000'),
       ('500', '17001'),
       ('500', '17002'),
       ('500', '17003'),
       ('500', '17004'),
       ('500', '17005'),
       ('300', '17006'),
       ('300', '17007');


INSERT INTO vendors(vendors_id, vendors_name)
VALUES ('1001', 'Akelem'),
       ('1002', 'DOM COMPANY TOO'),
       ('1003', 'DIAZ COMPANY TOO');

INSERT INTO vendors_brands(vendors_id, brand_id)
VALUES ('1001', '100'),
       ('1001', '300'),
       ('1001', '400'),
       ('1002', '500'),
       ('1002', '600'),
       ('1002', '700'),
       ('1003', '800'),
       ('1003', '900');


INSERT INTO stores(stores_id, stores_name, extra_charge, address, start_time, end_time)
VALUES('11', 'Dyken', '10', ROW('KAZAKHSTAN', 'Ust-kamenogorsk', 'M.Mahmutov'), '10:00:00', '22:00:00'),
       ('22', 'Magnum', '8', ROW('KAZAKHSTAN', 'Almaty', 'Tole-bi'), '07:00:00', '24:00:00'),
       ('33', 'Small', '12', ROW('KAZAKHSTAN', 'Kyzylorda', 'Aday'), '06:00:00', '09:00:00');

INSERT INTO stores_vendors(stores_id, vendors_id)
VALUES ('11','1001'),
       ('11','1003'),
       ('22','1003'),
       ('22','1002'),
       ('22','1001'),
       ('33','1001'),
       ('33','1002');


INSERT INTO regular_customers(customer_id, name, address, phone_number, data_of_birth)
VALUES ('01000', ROW('name0', 'namee0'), ROW('KAZAKHSTAN', 'Ust-kamenogorsk', 'M.Mahmutov'),'1111111', '1999-01-30'),
       ('01001', ROW('name1', 'namee1'), ROW('KAZAKHSTAN', 'Ust-kamenogorsk', 'M.Mahmutov'),'2222222', '1998-05-12'),
       ('01002', ROW('name2', 'namee2'), ROW('KAZAKHSTAN', 'Ust-kamenogorsk', 'M.Mahmutov'),'3333333', '1999-04-21'),
       ('01003', ROW('name3', 'namee3'), ROW('KAZAKHSTAN', 'Ust-kamenogorsk', 'M.Mahmutov'),'4444444', '1990-05-08'),
       ('01004', ROW('name4', 'namee4'), ROW('KAZAKHSTAN', 'Ust-kamenogorsk', 'M.Mahmutov'),'5555555', '1991-07-26'),
       ('01005', ROW('name5', 'namee5'), ROW('KAZAKHSTAN', 'Ust-kamenogorsk', 'M.Mahmutov'),'6666666', '1979-12-15'),
       ('01006', ROW('name6', 'namee6'), ROW('KAZAKHSTAN', 'Ust-kamenogorsk', 'M.Mahmutov'),'7777777', '1974-11-17'),
       ('01007', ROW('name7', 'namee7'), ROW('KAZAKHSTAN', 'Ust-kamenogorsk', 'M.Mahmutov'),'8888888', '1989-10-17'),
       ('01008', ROW('name8', 'namee8'), ROW('KAZAKHSTAN', 'Ust-kamenogorsk', 'M.Mahmutov'),'9999999', '1991-01-19');


INSERT INTO customer_orders(customers_id, store_id, upc_code, price,time)
values ('1000', '22', '14000', '234', '2021-12-04'),
       ('1000', '22', '12001', '270', '2021-12-04'),
       ('1000', '22', '13006', '540', '2021-12-04'),
       ('1005', '11', '16000', '352', '2021-12-04'),
       ('1005', '11', '11001', '275', '2021-12-04'),
       ('1005', '11', '14000', '143', '2021-12-04'),
       ('1003', '33', '14000', '145', '2021-12-03'),
       ('1003', '33', '17000', '143', '2021-12-03'),
       ('1003', '33', '16001', '358', '2021-12-03'),
       ('1004', '11', '11000', '275', '2021-12-03'),
       ('1004', '11', '11006', '330', '2021-12-03'),
       ('1004', '11', '17003', '473', '2021-12-03'),
       ('1008', '22', '16007', '486', '2021-12-02'),
       ('1008', '22', '15001', '388', '2021-12-02'),
       ('1006', '11', '14000', '143', '2021-12-02'),
       ('1006', '11', '16005', '242', '2021-12-02'),
       ('1007', '33', '15003', '336', '2021-12-01'),
       ('1005', '22', '17002', '345', '2021-12-01'),
       ('1005', '22', '16009', '108', '2021-12-01'),
       ('1004', '11', '14000', '143', '2021-12-01'),
       ('1004', '11', '16003', '143', '2021-12-01'),
       ('1007', '22', '16008', '324', '2021-12-01');

INSERT INTO online_orders(customers_id, store_id, brands_id, upc_code, price,time)
values ('1000', '22', '500',  '14000', '234', '2021-12-04'),
       ('1000', '22', '500',  '12001', '270', '2021-12-04'),
       ('1000', '22', '500',  '13006', '540', '2021-12-04'),
       ('1005', '11', '400',  '16000', '352', '2021-12-04'),
       ('1005', '11', '100',  '11001', '275', '2021-12-04'),
       ('1005', '11', '500',  '14000', '143', '2021-12-04'),
       ('1003', '33', '500',  '14000', '145', '2021-12-03'),
       ('1003', '33', '500',  '17000', '143', '2021-12-03'),
       ('1003', '33', '900',  '16001', '358', '2021-12-03'),
       ('1004', '11', '900',  '11000', '275', '2021-12-03'),
       ('1004', '11', '100',  '11006', '330', '2021-12-03'),
       ('1004', '11', '500',  '17003', '473', '2021-12-03'),
       ('1008', '22', '800',  '16007', '486', '2021-12-02'),
       ('1008', '22', '700',  '15001', '388', '2021-12-02'),
       ('1006', '11', '500',  '14000', '143', '2021-12-02'),
       ('1006', '11', '800',  '16005', '242', '2021-12-02'),
       ('1007', '33', '700',  '15003', '336', '2021-12-01'),
       ('1005', '22', '500',  '17002', '345', '2021-12-01'),
       ('1005', '22', '800',  '16009', '108', '2021-12-01'),
       ('1004', '11', '500',  '14000', '143', '2021-12-01'),
       ('1004', '11', '900',  '16003', '143', '2021-12-01'),
       ('1007', '22', '900',  '16008', '324', '2021-12-01');



